{
  "episode_rewards": [
    1031.631148297563,
    22.01096048546157,
    943.2457442649976,
    31.21248828921091,
    1094.6471569221949,
    985.7563542984843,
    984.2692272262788,
    26.52103732573584,
    38.60801726685761,
    939.9978467769636
  ],
  "episode_lengths": [
    1000,
    1000,
    1000,
    1000,
    1000,
    1000,
    1000,
    1000,
    1000,
    1000
  ],
  "avg_batch_sizes": [
    0.532,
    0.011,
    0.134,
    0.023,
    0.415,
    0.966,
    0.776,
    0.012,
    0.028,
    1.088
  ],
  "avg_wait_times": [
    14.461280044734982,
    15.871449494531424,
    6.703377927532669,
    16.298221034239162,
    10.942120225684535,
    21.19772265459795,
    21.96724954241834,
    13.846912073257062,
    14.392808900323198,
    27.81260974233169
  ],
  "actor_losses": [
    -1.7220381722152234,
    -2.0550003466457127,
    -2.395091525067886,
    -2.813307335846126,
    -3.742374885439873,
    -4.830511154413223,
    -5.912921659231186,
    -6.881579626560211,
    -7.816178087234497
  ],
  "critic_losses": [
    0.23376057769358158,
    0.19060811771824956,
    0.17500263693680365,
    0.16433498395048082,
    0.14186283606477082,
    0.13654129331558942,
    0.12624605304934083,
    0.11455197624303401,
    0.1004793683392927
  ],
  "alpha_values": [
    0.30000001192092896,
    0.30000001192092896,
    0.30000001192092896,
    0.30000001192092896,
    0.30000001192092896,
    0.30000001192092896,
    0.30000001192092896,
    0.30000001192092896,
    0.30000001192092896
  ],
  "entropy_values": [
    0.17618822418153285,
    0.3168274509832263,
    0.40935325709482034,
    0.45361172723397614,
    0.5467582576572895,
    0.556695691972971,
    0.5306394765973091,
    0.5081893614530564,
    0.4930358888208866
  ],
  "traffic_pattern": "bursty",
  "num_episodes": 10,
  "seed": 42
}