{
  "REINFORCE": {
    "mean_reward": -2.073551051202123,
    "std_reward": 5.7694010335652,
    "mean_wait": 0.24355105527196708,
    "p95_wait": 0.45326666666665333,
    "mean_batch": 3.2538444379207383,
    "throughput": 6.726266599404096,
    "avg_queue": 0.0,
    "slo_violations": 0.0
  },
  "A2C": {
    "mean_reward": -25.812942070117177,
    "std_reward": 5.4089113512205795,
    "mean_wait": 1.0989571288127113,
    "p95_wait": 2.017666666666669,
    "mean_batch": 14.537023143865419,
    "throughput": 6.692399933076095,
    "avg_queue": 0.0022800000000000003,
    "slo_violations": 54.88385000413842
  },
  "PPO": {
    "mean_reward": -26.22022534374703,
    "std_reward": 5.589148043626706,
    "mean_wait": 1.1091057634590853,
    "p95_wait": 2.0245333333333253,
    "mean_batch": 14.785256038647344,
    "throughput": 6.687466599792094,
    "avg_queue": 0.0023866666666666667,
    "slo_violations": 55.523335621411434
  },
  "Predictive Dyna-Q": {
    "mean_reward": -29.957463470452925,
    "std_reward": 2.6452862613355306,
    "mean_wait": 0.587084906861596,
    "p95_wait": 1.5180666666666547,
    "mean_batch": 3.7459194030656335,
    "throughput": 6.6341332669920945,
    "avg_queue": 0.002386666666666667,
    "slo_violations": 24.507170946335254
  },
  "Fixed Batch (16)": {
    "mean_reward": -24.21957692076846,
    "std_reward": 6.883406126938793,
    "mean_wait": 0.9354642573117006,
    "p95_wait": 1.9703333333333208,
    "mean_batch": 12.696064559759158,
    "throughput": 6.715333266180095,
    "avg_queue": 0.0,
    "slo_violations": 42.27929153133851
  },
  "Fixed Wait (1.0s)": {
    "mean_reward": -14.695906732992084,
    "std_reward": 4.9903591848392965,
    "mean_wait": 0.6455293055749626,
    "p95_wait": 1.1000000000000156,
    "mean_batch": 8.505516682840774,
    "throughput": 6.7134665995320955,
    "avg_queue": 0.0,
    "slo_violations": 22.11415789880085
  },
  "Random": {
    "mean_reward": -10.816561159036336,
    "std_reward": 5.271897371749695,
    "mean_wait": 0.32958969221255174,
    "p95_wait": 0.8689333333333212,
    "mean_batch": 3.2288267011886598,
    "throughput": 6.776933265564097,
    "avg_queue": 0.0,
    "slo_violations": 3.1637738801153037
  }
}